"2","None","False","suscipit repellat esse quibusdam voluptatem incidunt"
"2","None","True","distinctio vitae autem nihil ut molestias quo"
"2","None","False","et itaque necessitatibus maxime molestiae qui quas velit"
"2","None","False","adipisci non ad dicta qui amet quaerat doloribus ea"
"2","None","True","voluptas quo tenetur perspiciatis explicabo natus"
"2","None","True","aliquam aut quasi"
"2","None","True","veritatis pariatur delectus"
"2","None","False","nesciunt totam sit blanditiis sit"
"2","None","False","laborum aut in quam"
"2","None","True","nemo perspiciatis repellat ut dolor libero commodi blanditiis omnis"
"2","None","False","repudiandae totam in est sint facere fuga"
"2","None","False","earum doloribus ea doloremque quis"
"2","None","False","sint sit aut vero"
"2","None","False","porro aut necessitatibus eaque distinctio"
"2","None","True","repellendus veritatis molestias dicta incidunt"
"2","None","True","excepturi deleniti adipisci voluptatem et neque optio illum ad"
"2","None","False","sunt cum tempora"
"2","None","False","totam quia non"
"2","None","False","doloremque quibusdam asperiores libero corrupti illum qui omnis"
"2","None","True","totam atque quo nesciunt"
